{
  "timestamp": "2025-07-20",
  "source": "https://www.superpsx.com/ps4-fake-pkgs-game-list/",
  "total_games": 3,
  "games": [
    {
      "name": "Assassins Creed Mirage",
      "url": "https://www.superpsx.com/assassins-creed-mirage-ps4-fpkg/"
    },
    {
      "name": "10 Second Ninja X",
      "url": "https://www.superpsx.com/10-second-ninja-x-ps4-fpkg/"
    },
    {
      "name": "Tony Hawks Pro Skater 3 + 4",
      "url": "https://www.superpsx.com/tony-hawks-pro-skater-3-4-ps4-fpkg/"
    }
  ]
}