{
  "DATA": {
    "https://vikingfile.com/f/ecm961G6Oj": {
      "region": "USA",
      "size": "21.74 GB",
      "version": "1.00",
      "release": "October 5, 2023",
      "min_fw": "10.71+",
      "cover_url": "https://www.superpsx.com/wp-content/uploads/2024/09/Assassin_s-Creed-Mirage-PS4-PKG.webp",
      "name": "Assassins Creed Mirage"
    },
    "https://vikingfile.com/f/hZDa2yR4cC": {
      "region": "USA",
      "size": "21.74 GB",
      "version": "1.00",
      "release": "October 5, 2023",
      "min_fw": "10.71+",
      "cover_url": "https://www.superpsx.com/wp-content/uploads/2024/09/Assassin_s-Creed-Mirage-PS4-PKG.webp",
      "name": "Assassins Creed Mirage"
    },
    "https://vikingfile.com/f/VDjWaGwyfZ": {
      "region": "USA",
      "size": "21.74 GB",
      "version": "1.00",
      "release": "October 5, 2023",
      "min_fw": "10.71+",
      "cover_url": "https://www.superpsx.com/wp-content/uploads/2024/09/Assassin_s-Creed-Mirage-PS4-PKG.webp",
      "name": "Assassins Creed Mirage"
    },
    "https://akirabox.com/2WVGr61wqGkx/file": {
      "region": "USA",
      "size": "21.74 GB",
      "version": "1.00",
      "release": "October 5, 2023",
      "min_fw": "10.71+",
      "cover_url": "https://www.superpsx.com/wp-content/uploads/2024/09/Assassin_s-Creed-Mirage-PS4-PKG.webp",
      "name": "Assassins Creed Mirage"
    },
    "https://akirabox.com/Y2xm0Zw9zRO1/file": {
      "region": "USA",
      "size": "21.74 GB",
      "version": "1.00",
      "release": "October 5, 2023",
      "min_fw": "10.71+",
      "cover_url": "https://www.superpsx.com/wp-content/uploads/2024/09/Assassin_s-Creed-Mirage-PS4-PKG.webp",
      "name": "Assassins Creed Mirage"
    },
    "https://akirabox.com/rk9zKDvPG0lY/file": {
      "region": "USA",
      "size": "21.74 GB",
      "version": "1.00",
      "release": "October 5, 2023",
      "min_fw": "10.71+",
      "cover_url": "https://www.superpsx.com/wp-content/uploads/2024/09/Assassin_s-Creed-Mirage-PS4-PKG.webp",
      "name": "Assassins Creed Mirage"
    },
    "https://1fichier.com/?kfhkamgzyx1sahzgvlaj&af=4186346": {
      "region": "USA",
      "size": "21.74 GB",
      "version": "1.00",
      "release": "October 5, 2023",
      "min_fw": "10.71+",
      "cover_url": "https://www.superpsx.com/wp-content/uploads/2024/09/Assassin_s-Creed-Mirage-PS4-PKG.webp",
      "name": "Assassins Creed Mirage"
    },
    "https://1fichier.com/?th8dro50i1ikgp6n0uc8&af=4186346": {
      "region": "USA",
      "size": "21.74 GB",
      "version": "1.00",
      "release": "October 5, 2023",
      "min_fw": "10.71+",
      "cover_url": "https://www.superpsx.com/wp-content/uploads/2024/09/Assassin_s-Creed-Mirage-PS4-PKG.webp",
      "name": "Assassins Creed Mirage"
    },
    "https://1fichier.com/?ec7gkjdjxg8s7pm6w1vl&af=4186346": {
      "region": "USA",
      "size": "21.74 GB",
      "version": "1.00",
      "release": "October 5, 2023",
      "min_fw": "10.71+",
      "cover_url": "https://www.superpsx.com/wp-content/uploads/2024/09/Assassin_s-Creed-Mirage-PS4-PKG.webp",
      "name": "Assassins Creed Mirage"
    },
    "https://vikingfile.com/f/mpdQ2cGqFZ": {
      "region": "USA",
      "size": "34GB",
      "version": "1.03",
      "release": "July 11, 2025",
      "min_fw": null,
      "cover_url": "https://www.superpsx.com/wp-content/uploads/2025/07/Tony-Hawks-Pro-Skater-3-4-PS4-PKG.webp",
      "name": "Tony Hawks Pro Skater 3 + 4"
    },
    "https://vikingfile.com/f/hVT41qTV5x": {
      "region": "USA",
      "size": "34GB",
      "version": "1.03",
      "release": "July 11, 2025",
      "min_fw": null,
      "cover_url": "https://www.superpsx.com/wp-content/uploads/2025/07/Tony-Hawks-Pro-Skater-3-4-PS4-PKG.webp",
      "name": "Tony Hawks Pro Skater 3 + 4"
    },
    "https://akirabox.com/XkrzorKaQ3BO/file": {
      "region": "USA",
      "size": "34GB",
      "version": "1.03",
      "release": "July 11, 2025",
      "min_fw": null,
      "cover_url": "https://www.superpsx.com/wp-content/uploads/2025/07/Tony-Hawks-Pro-Skater-3-4-PS4-PKG.webp",
      "name": "Tony Hawks Pro Skater 3 + 4"
    },
    "https://akirabox.com/l5YzMKZdpmyO/file": {
      "region": "USA",
      "size": "34GB",
      "version": "1.03",
      "release": "July 11, 2025",
      "min_fw": null,
      "cover_url": "https://www.superpsx.com/wp-content/uploads/2025/07/Tony-Hawks-Pro-Skater-3-4-PS4-PKG.webp",
      "name": "Tony Hawks Pro Skater 3 + 4"
    },
    "https://1fichier.com/?zxnlk0ji5r5hzrthlt6p&af=4186346": {
      "region": "USA",
      "size": "34GB",
      "version": "1.03",
      "release": "July 11, 2025",
      "min_fw": null,
      "cover_url": "https://www.superpsx.com/wp-content/uploads/2025/07/Tony-Hawks-Pro-Skater-3-4-PS4-PKG.webp",
      "name": "Tony Hawks Pro Skater 3 + 4"
    },
    "https://1fichier.com/?0xqhprjk9ewmz1ycokij&af=4186346": {
      "region": "USA",
      "size": "34GB",
      "version": "1.03",
      "release": "July 11, 2025",
      "min_fw": null,
      "cover_url": "https://www.superpsx.com/wp-content/uploads/2025/07/Tony-Hawks-Pro-Skater-3-4-PS4-PKG.webp",
      "name": "Tony Hawks Pro Skater 3 + 4"
    }
  }
}